{"cameraMode":{"drawMode":0,"name":"Shaded","section":"Shading Mode"},"sceneLighting":true,"audioPlay":false,"sceneViewState":{"showFog":true,"showMaterialUpdate":false,"showSkybox":true,"showFlares":true,"showImageEffects":true,"showParticleSystems":true},"in2DMode":false,"pivot":{"x":0.024598002433776857,"y":1.8710980415344239,"z":0.027456045150756837},"rotation":{"x":0.25297191739082339,"y":-0.6596251726150513,"z":0.25235795974731448,"w":0.6612273454666138},"size":16.508777618408204,"orthographic":true}