{"cameraMode":{"drawMode":0,"name":"Shaded","section":"Shading Mode"},"sceneLighting":true,"audioPlay":false,"sceneViewState":{"showFog":true,"showMaterialUpdate":false,"showSkybox":true,"showFlares":true,"showImageEffects":true,"showParticleSystems":true},"in2DMode":false,"pivot":{"x":11.083120346069336,"y":8.966972351074219,"z":-5.360548973083496},"rotation":{"x":0.15139412879943849,"y":-0.7685364484786987,"z":0.19738490879535676,"w":0.5894707441329956},"size":10.058609008789063,"orthographic":false}