{"cameraMode":{"drawMode":0,"name":"Shaded","section":"Shading Mode"},"sceneLighting":true,"audioPlay":false,"sceneViewState":{"showFog":true,"showMaterialUpdate":false,"showSkybox":false,"showFlares":true,"showImageEffects":true,"showParticleSystems":true},"in2DMode":false,"pivot":{"x":1.136521339416504,"y":0.26006031036376955,"z":12.443620681762696},"rotation":{"x":-0.03372054547071457,"y":0.9647735357284546,"z":-0.15501126646995545,"w":-0.20987334847450257},"size":36.63459014892578,"orthographic":false}