{"cameraMode":{"drawMode":0,"name":"Shaded","section":"Shading Mode"},"sceneLighting":true,"audioPlay":false,"sceneViewState":{"showFog":true,"showMaterialUpdate":false,"showSkybox":true,"showFlares":true,"showImageEffects":true,"showParticleSystems":true},"in2DMode":false,"pivot":{"x":10.479999542236329,"y":10.732999801635743,"z":-7.050000190734863},"rotation":{"x":-0.006318708881735802,"y":-0.28977829217910769,"z":-0.0019128444837406278,"w":0.9570731520652771},"size":1.7923583984375,"orthographic":false}