{"cameraMode":{"drawMode":0,"name":"Shaded","section":"Shading Mode"},"sceneLighting":true,"audioPlay":false,"sceneViewState":{"showFog":true,"showMaterialUpdate":false,"showSkybox":true,"showFlares":true,"showImageEffects":true,"showParticleSystems":true},"in2DMode":false,"pivot":{"x":0.0005664825439453125,"y":10.795412063598633,"z":0.7350000143051148},"rotation":{"x":0.21268212795257569,"y":-0.5948179364204407,"z":0.16712264716625215,"w":0.7569937705993652},"size":2.414222240447998,"orthographic":false}