{"cameraMode":{"drawMode":0,"name":"Shaded","section":"Shading Mode"},"sceneLighting":false,"audioPlay":false,"sceneViewState":{"showFog":true,"showMaterialUpdate":false,"showSkybox":false,"showFlares":true,"showImageEffects":true,"showParticleSystems":true},"in2DMode":false,"pivot":{"x":0.024598002433776857,"y":1.8710980415344239,"z":0.027456045150756837},"rotation":{"x":0.12147876620292664,"y":-0.838688850402832,"z":0.20870910584926606,"w":0.488151878118515},"size":2.9132206439971926,"orthographic":true}