{"cameraMode":{"drawMode":0,"name":"Shaded","section":"Shading Mode"},"sceneLighting":true,"audioPlay":false,"sceneViewState":{"showFog":true,"showMaterialUpdate":false,"showSkybox":true,"showFlares":true,"showImageEffects":true,"showParticleSystems":true},"in2DMode":false,"pivot":{"x":14.173023223876954,"y":10.669474601745606,"z":-6.869696617126465},"rotation":{"x":0.14739418029785157,"y":-0.8423005938529968,"z":0.28794240951538088,"w":0.4311612844467163},"size":16.026987075805665,"orthographic":true}