{"cameraMode":{"drawMode":0,"name":"Shaded","section":"Shading Mode"},"sceneLighting":false,"audioPlay":false,"sceneViewState":{"showFog":true,"showMaterialUpdate":false,"showSkybox":false,"showFlares":true,"showImageEffects":true,"showParticleSystems":true},"in2DMode":false,"pivot":{"x":0.024598002433776857,"y":1.8710980415344239,"z":0.027456045150756837},"rotation":{"x":0.07941450923681259,"y":0.36632513999938967,"z":-0.03139722719788551,"w":0.926560640335083},"size":0.7097509503364563,"orthographic":true}