{"cameraMode":{"drawMode":0,"name":"Shaded","section":"Shading Mode"},"sceneLighting":true,"audioPlay":false,"sceneViewState":{"showFog":true,"showMaterialUpdate":false,"showSkybox":true,"showFlares":true,"showImageEffects":true,"showParticleSystems":true},"in2DMode":false,"pivot":{"x":0.0,"y":12.007999420166016,"z":0.515999972820282},"rotation":{"x":-0.18067605793476106,"y":0.45749345421791079,"z":-0.09550102800130844,"w":-0.8654265403747559},"size":4.468360900878906,"orthographic":false}