{"cameraMode":{"drawMode":0,"name":"Shaded","section":"Shading Mode"},"sceneLighting":false,"audioPlay":false,"sceneViewState":{"showFog":true,"showMaterialUpdate":false,"showSkybox":false,"showFlares":true,"showImageEffects":true,"showParticleSystems":true},"in2DMode":false,"pivot":{"x":-0.0000030994415283203127,"y":0.0,"z":9.5367431640625e-7},"rotation":{"x":-0.4230387508869171,"y":0.5588124990463257,"z":-0.40054646134376528,"w":-0.5901964902877808},"size":17.92084312438965,"orthographic":false}