{"cameraMode":{"drawMode":0,"name":"Shaded","section":"Shading Mode"},"sceneLighting":true,"audioPlay":false,"sceneViewState":{"showFog":true,"showMaterialUpdate":false,"showSkybox":true,"showFlares":true,"showImageEffects":true,"showParticleSystems":true},"in2DMode":false,"pivot":{"x":13.470000267028809,"y":15.18455696105957,"z":-4.72395133972168},"rotation":{"x":0.11585294455289841,"y":-0.8706138134002686,"z":0.246017187833786,"w":0.40998706221580508},"size":21.112382888793947,"orthographic":true}